use filonenko5;

INSERT INTO `filonenko5`.`user` (`name`, `login`, `password`, `access`) VALUES ('Евгений Краснарёв', 'KrasnEvg', 'cXdlcXdlcXdl', '0');
INSERT INTO `filonenko5`.`user` (`name`, `login`, `password`, `access`) VALUES ('Мария Пуханина', 'Maryko', 'cXdlcXdlcXdl', '1');
INSERT INTO `filonenko5`.`user` (`name`, `login`, `password`, `access`) VALUES ('Кирилл Колгарёв', 'kirkol', 'cXdlcXdlcXdl', '0');
INSERT INTO `filonenko5`.`user` (`name`, `login`, `password`, `access`) VALUES ('Евгения Березюк', 'onlyone', 'cXdlcXdlcXdl', '0');
INSERT INTO `filonenko5`.`user` (`name`, `login`, `password`, `access`) VALUES ('Александр Шмелёв', 'aleshm', 'cXdlcXdlcXdl', '0');
INSERT INTO `filonenko5`.`user` (`name`, `login`, `password`, `access`) VALUES ('Иванов Иван', 'ivaiva', 'cXdlcXdlcXdl', '1');

INSERT INTO `filonenko5`.`product` (`name`, `firm`, `unit_price`) VALUES ('gps-навигатор', 'Lexand', '118');
INSERT INTO `filonenko5`.`product` (`name`, `firm`, `unit_price`) VALUES ('gps-навигатор', 'NAVITEL', '104.34');
INSERT INTO `filonenko5`.`product` (`name`, `firm`, `unit_price`) VALUES ('SSD Gigabyte 120GB', 'Gigabyte', '40.58');
INSERT INTO `filonenko5`.`product` (`name`, `firm`, `unit_price`) VALUES ('SSD Team GX1 120GB', 'Team', '41.39');
INSERT INTO `filonenko5`.`product` (`name`, `firm`, `unit_price`) VALUES ('SSD QUMO Novation 3D 120GB', 'QUMO', '44.64');
INSERT INTO `filonenko5`.`product` (`name`, `firm`, `unit_price`) VALUES ('USB Flash Kingston Data Traveler SWIVL', 'Kingston', '7.49');
INSERT INTO `filonenko5`.`product` (`name`, `firm`, `unit_price`) VALUES ('USB Flash A-Data DashDrive UV150 Black', 'A-Data', '9.01');
INSERT INTO `filonenko5`.`product` (`name`, `firm`, `unit_price`) VALUES ('USB Flash Addlink U30 Silver', 'Addlink', '9.9');
INSERT INTO `filonenko5`.`product` (`name`, `firm`, `unit_price`) VALUES ('USB Flash Patriot Slate', 'Patriot', '9.94');
INSERT INTO `filonenko5`.`product` (`name`, `firm`, `unit_price`) VALUES ('Ноутбук Lenovo V145-15AST', 'Lenovo', '528.19');
INSERT INTO `filonenko5`.`product` (`name`, `firm`, `unit_price`) VALUES ('Ноутбук Lenovo IdeaPad 330-15AST', 'Lenovo', '530.01');
INSERT INTO `filonenko5`.`product` (`name`, `firm`, `unit_price`) VALUES ('Ноутбук HP 15-ra047ur', 'HP', '528.18');

INSERT INTO `filonenko5`.`storage` (`product_id`, `quantity`) VALUES ('6', '10');
INSERT INTO `filonenko5`.`storage` (`product_id`, `quantity`) VALUES ('12', '5');
INSERT INTO `filonenko5`.`storage` (`product_id`, `quantity`) VALUES ('13', '20');
INSERT INTO `filonenko5`.`storage` (`product_id`, `quantity`) VALUES ('14', '37');
INSERT INTO `filonenko5`.`storage` (`product_id`, `quantity`) VALUES ('15', '81');
INSERT INTO `filonenko5`.`storage` (`product_id`, `quantity`) VALUES ('16', '15');
INSERT INTO `filonenko5`.`storage` (`product_id`, `quantity`) VALUES ('17', '23');
INSERT INTO `filonenko5`.`storage` (`product_id`, `quantity`) VALUES ('18', '34');
INSERT INTO `filonenko5`.`storage` (`product_id`, `quantity`) VALUES ('19', '41');
INSERT INTO `filonenko5`.`storage` (`product_id`, `quantity`) VALUES ('20', '56');
INSERT INTO `filonenko5`.`storage` (`product_id`, `quantity`) VALUES ('21', '92');
INSERT INTO `filonenko5`.`storage` (`product_id`, `quantity`) VALUES ('22', '10');

INSERT INTO `filonenko5`.`sale` (`product_id`, `date`, `seller_id`, `quantity`) VALUES ('6', '2019-05-12', '5', '1');
INSERT INTO `filonenko5`.`sale` (`product_id`, `date`, `seller_id`, `quantity`) VALUES ('15', '2018-04-12', '6', '3');
INSERT INTO `filonenko5`.`sale` (`product_id`, `date`, `seller_id`, `quantity`) VALUES ('17', '2018-05-11', '7', '10');
INSERT INTO `filonenko5`.`sale` (`product_id`, `date`, `seller_id`, `quantity`) VALUES ('19', '2012-10-07', '8', '14');
INSERT INTO `filonenko5`.`sale` (`product_id`, `date`, `seller_id`, `quantity`) VALUES ('13', '2019-03-06', '9', '12');
INSERT INTO `filonenko5`.`sale` (`product_id`, `date`, `seller_id`, `quantity`) VALUES ('20', '2019-04-01', '10', '1');
INSERT INTO `filonenko5`.`sale` (`product_id`, `date`, `seller_id`, `quantity`) VALUES ('22', '2018-02-01', '5', '1');
INSERT INTO `filonenko5`.`sale` (`product_id`, `date`, `seller_id`, `quantity`) VALUES ('22', '2019-02-12', '6', '1');
INSERT INTO `filonenko5`.`sale` (`product_id`, `date`, `seller_id`, `quantity`) VALUES ('22', '2019-03-12', '7', '12');
INSERT INTO `filonenko5`.`sale` (`product_id`, `date`, `seller_id`, `quantity`) VALUES ('15', '2019-04-12', '7', '3');
INSERT INTO `filonenko5`.`sale` (`product_id`, `date`, `seller_id`, `quantity`) VALUES ('16', '2019-04-12', '6', '2');
INSERT INTO `filonenko5`.`sale` (`product_id`, `date`, `seller_id`, `quantity`) VALUES ('13', '2018-04-12', '5', '1');
INSERT INTO `filonenko5`.`sale` (`product_id`, `date`, `seller_id`, `quantity`) VALUES ('14', '2018-04-12', '8', '6');
INSERT INTO `filonenko5`.`sale` (`product_id`, `date`, `seller_id`, `quantity`) VALUES ('17', '2018-04-12', '7', '7');
INSERT INTO `filonenko5`.`sale` (`product_id`, `date`, `seller_id`, `quantity`) VALUES ('18', '2018-04-12', '8', '4');
INSERT INTO `filonenko5`.`sale` (`product_id`, `date`, `seller_id`, `quantity`) VALUES ('20', '2018-04-12', '10', '1');
INSERT INTO `filonenko5`.`sale` (`product_id`, `date`, `seller_id`, `quantity`) VALUES ('12', '2016-07-11', '10', '2');
INSERT INTO `filonenko5`.`sale` (`product_id`, `date`, `seller_id`, `quantity`) VALUES ('6', '2015-03-12', '9', '1');
INSERT INTO `filonenko5`.`sale` (`product_id`, `date`, `seller_id`, `quantity`) VALUES ('6', '2017-08-01', '8', '2');
INSERT INTO `filonenko5`.`sale` (`product_id`, `date`, `seller_id`, `quantity`) VALUES ('16', '2015-03-12', '7', '1');
INSERT INTO `filonenko5`.`sale` (`product_id`, `date`, `seller_id`, `quantity`) VALUES ('14', '2015-03-12', '10', '9');
INSERT INTO `filonenko5`.`sale` (`product_id`, `date`, `seller_id`, `quantity`) VALUES ('18', '2017-03-12', '5', '7');
INSERT INTO `filonenko5`.`sale` (`product_id`, `date`, `seller_id`, `quantity`) VALUES ('17', '2019-03-12', '5', '4');
INSERT INTO `filonenko5`.`sale` (`product_id`, `date`, `seller_id`, `quantity`) VALUES ('13', '2019-03-12', '6', '5');
INSERT INTO `filonenko5`.`sale` (`product_id`, `date`, `seller_id`, `quantity`) VALUES ('6', '2019-03-12', '10', '2');
INSERT INTO `filonenko5`.`sale` (`product_id`, `date`, `seller_id`, `quantity`) VALUES ('12', '2015-03-12', '8', '1');
INSERT INTO `filonenko5`.`sale` (`product_id`, `date`, `seller_id`, `quantity`) VALUES ('13', '2015-03-12', '7', '1');
INSERT INTO `filonenko5`.`sale` (`product_id`, `date`, `seller_id`, `quantity`) VALUES ('14', '2015-03-01', '5', '3');
INSERT INTO `filonenko5`.`sale` (`product_id`, `date`, `seller_id`, `quantity`) VALUES ('15', '2019-02-12', '6', '1');
INSERT INTO `filonenko5`.`sale` (`product_id`, `date`, `seller_id`, `quantity`) VALUES ('16', '2019-02-12', '5', '1');
INSERT INTO `filonenko5`.`sale` (`product_id`, `date`, `seller_id`, `quantity`) VALUES ('17', '2019-02-12', '6', '2');
INSERT INTO `filonenko5`.`sale` (`product_id`, `date`, `seller_id`, `quantity`) VALUES ('18', '2019-06-09', '7', '8');
INSERT INTO `filonenko5`.`sale` (`product_id`, `date`, `seller_id`, `quantity`) VALUES ('19', '2019-06-09', '8', '7');
INSERT INTO `filonenko5`.`sale` (`product_id`, `date`, `seller_id`, `quantity`) VALUES ('20', '2019-06-09', '6', '2');
INSERT INTO `filonenko5`.`sale` (`product_id`, `date`, `seller_id`, `quantity`) VALUES ('21', '2019-05-12', '9', '3');
INSERT INTO `filonenko5`.`sale` (`product_id`, `date`, `seller_id`, `quantity`) VALUES ('22', '2019-05-12', '9', '1');

INSERT INTO `filonenko5`.`guarantee` (`sale_id`, `status_id`, `date`) VALUES ('46', '1', '2021-05-12');
INSERT INTO `filonenko5`.`guarantee` (`sale_id`, `status_id`, `date`) VALUES ('47', '2', '2019-11-01');
INSERT INTO `filonenko5`.`guarantee` (`sale_id`, `status_id`, `date`) VALUES ('48', '2', '2019-11-01');
INSERT INTO `filonenko5`.`guarantee` (`sale_id`, `status_id`, `date`) VALUES ('49', '3', '2013-01-05');
INSERT INTO `filonenko5`.`guarantee` (`sale_id`, `status_id`, `date`) VALUES ('50', '1', '2020-12-04');
INSERT INTO `filonenko5`.`guarantee` (`sale_id`, `status_id`, `date`) VALUES ('51', '1', '2020-12-04');
INSERT INTO `filonenko5`.`guarantee` (`sale_id`, `status_id`, `date`) VALUES ('52', '1', '2020-12-04');
INSERT INTO `filonenko5`.`guarantee` (`sale_id`, `status_id`, `date`) VALUES ('53', '1', '2020-12-04');
INSERT INTO `filonenko5`.`guarantee` (`sale_id`, `status_id`, `date`) VALUES ('54', '1', '2020-12-04');
INSERT INTO `filonenko5`.`guarantee` (`sale_id`, `status_id`, `date`) VALUES ('55', '1', '2021-05-06');
INSERT INTO `filonenko5`.`guarantee` (`sale_id`, `status_id`, `date`) VALUES ('56', '1', '2021-05-06');
INSERT INTO `filonenko5`.`guarantee` (`sale_id`, `status_id`, `date`) VALUES ('57', '1', '2021-05-06');
INSERT INTO `filonenko5`.`guarantee` (`sale_id`, `status_id`, `date`) VALUES ('58', '1', '2021-05-06');
INSERT INTO `filonenko5`.`guarantee` (`sale_id`, `status_id`, `date`) VALUES ('59', '1', '2021-05-06');
INSERT INTO `filonenko5`.`guarantee` (`sale_id`, `status_id`, `date`) VALUES ('60', '1', '2021-05-06');
INSERT INTO `filonenko5`.`guarantee` (`sale_id`, `status_id`, `date`) VALUES ('61', '1', '2022-03-02');
INSERT INTO `filonenko5`.`guarantee` (`sale_id`, `status_id`, `date`) VALUES ('62', '4', '2018-04-03');
INSERT INTO `filonenko5`.`guarantee` (`sale_id`, `status_id`, `date`) VALUES ('63', '5', '2016-10-10');
INSERT INTO `filonenko5`.`guarantee` (`sale_id`, `status_id`, `date`) VALUES ('64', '3', '2017-08-10');
INSERT INTO `filonenko5`.`guarantee` (`sale_id`, `status_id`, `date`) VALUES ('65', '2', '2018-09-12');
INSERT INTO `filonenko5`.`guarantee` (`sale_id`, `status_id`, `date`) VALUES ('66', '2', '2018-09-12');
INSERT INTO `filonenko5`.`guarantee` (`sale_id`, `status_id`, `date`) VALUES ('67', '2', '2018-09-12');
INSERT INTO `filonenko5`.`guarantee` (`sale_id`, `status_id`, `date`) VALUES ('68', '1', '2020-03-12');
INSERT INTO `filonenko5`.`guarantee` (`sale_id`, `status_id`, `date`) VALUES ('69', '1', '2020-03-12');
INSERT INTO `filonenko5`.`guarantee` (`sale_id`, `status_id`, `date`) VALUES ('70', '1', '2020-03-12');
INSERT INTO `filonenko5`.`guarantee` (`sale_id`, `status_id`, `date`) VALUES ('71', '1', '2020-03-12');
INSERT INTO `filonenko5`.`guarantee` (`sale_id`, `status_id`, `date`) VALUES ('72', '2', '2016-03-12');
INSERT INTO `filonenko5`.`guarantee` (`sale_id`, `status_id`, `date`) VALUES ('73', '2', '2017-03-01');
INSERT INTO `filonenko5`.`guarantee` (`sale_id`, `status_id`, `date`) VALUES ('74', '3', '2019-04-10');
INSERT INTO `filonenko5`.`guarantee` (`sale_id`, `status_id`, `date`) VALUES ('75', '4', '2019-04-10');
INSERT INTO `filonenko5`.`guarantee` (`sale_id`, `status_id`, `date`) VALUES ('76', '4', '2019-04-10');
INSERT INTO `filonenko5`.`guarantee` (`sale_id`, `status_id`, `date`) VALUES ('77', '3', '2019-10-10');
INSERT INTO `filonenko5`.`guarantee` (`sale_id`, `status_id`, `date`) VALUES ('78', '1', '2021-06-09');
INSERT INTO `filonenko5`.`guarantee` (`sale_id`, `status_id`, `date`) VALUES ('79', '1', '2021-06-09');
INSERT INTO `filonenko5`.`guarantee` (`sale_id`, `status_id`, `date`) VALUES ('80', '1', '2021-06-09');
INSERT INTO `filonenko5`.`guarantee` (`sale_id`, `status_id`, `date`) VALUES ('81', '5', '2019-06-09');
